series_key,window_type,window_label,stat_name,value,ci_low,ci_high,p_value,skip_reason,p_value_adjusted,flag_significant
cetes_28d,full_history,2006-09 to 2026-09,mean,6.161418983700863,6.02441610738255,6.298956615532118,,,,False
cetes_28d,full_history,2006-09 to 2026-09,median,6.25,5.7,6.54,,,,False
cetes_28d,full_history,2006-09 to 2026-09,std,2.3656442760057916,,,,,,False
cetes_28d,full_history,2006-09 to 2026-09,min,2.43,,,,,,False
cetes_28d,full_history,2006-09 to 2026-09,max,11.4,,,,,,False
cetes_28d,full_history,2006-09 to 2026-09,latest_value,6.25,,,,,,False
cetes_28d,full_history,2006-09 to 2026-09,z_score,0.037444774431048,-0.020152232708302274,0.09713320857115557,0.970130372851232,,0.997259464683621,False
cetes_28d,full_history,2006-09 to 2026-09,percentile_rank,49.90412272291467,47.026605944391186,52.78163950143816,,,,False
cetes_28d,full_history,2006-09 to 2026-09,change_zscore,-2.1317064944960875,-2.350064618733361,-1.9562250570057798,0.03303098259212556,,0.07785874468143882,False
cetes_28d,full_history,2006-09 to 2026-09,volatility_zscore,-0.32416459918161655,-0.37269031257009,-0.2717436766612339,0.7458134219337904,,0.8749477317750508,False
cetes_28d,full_history,2006-09 to 2026-09,skewness,0.5181549719135713,0.4322165424483165,0.6054201643871104,,,,False
cetes_28d,full_history,2006-09 to 2026-09,excess_kurtosis,-0.6213968463730373,-0.7399063294175342,-0.4876705808890236,,,,False
cetes_28d,full_history,2006-09 to 2026-09,jarque_bera_normality,63.468172549649495,,,1.652195529063008e-14,,7.367898980956658e-14,True
cetes_28d,full_history,2006-09 to 2026-09,ac1_trend_tau,0.3092878345002606,,,9.501626919444752e-46,,8.70982467615769e-45,True
cetes_28d,full_history,2006-09 to 2026-09,variance_trend_tau,0.36149901774052823,,,7.690031779353368e-62,,1.057379369661088e-60,True
cetes_28d,full_history,2006-09 to 2026-09,critical_slowing_down_flag,1.0,,,9.501626919444752e-46,,8.70982467615769e-45,True
cetes_28d,rolling_10y,2016-09 to 2026-09,mean,7.5553831417624515,7.368923371647509,7.744955459770114,,,,False
cetes_28d,rolling_10y,2016-09 to 2026-09,median,7.4,7.21,7.51,,,,False
cetes_28d,rolling_10y,2016-09 to 2026-09,std,2.1477274394727557,,,,,,False
cetes_28d,rolling_10y,2016-09 to 2026-09,min,4.0,,,,,,False
cetes_28d,rolling_10y,2016-09 to 2026-09,max,11.4,,,,,,False
cetes_28d,rolling_10y,2016-09 to 2026-09,latest_value,6.25,,,,,,False
cetes_28d,rolling_10y,2016-09 to 2026-09,z_score,-0.6077973944789331,-0.6930628772388158,-0.5229731766612575,0.5433218575865357,,0.7288463943234016,False
cetes_28d,rolling_10y,2016-09 to 2026-09,percentile_rank,25.38314176245211,21.743295019157088,29.214559386973182,,,,False
cetes_28d,rolling_10y,2016-09 to 2026-09,change_zscore,-1.854867416521012,-2.0736308898859774,-1.6921527004116759,0.06361516194708883,,0.14184461785499536,False
cetes_28d,rolling_10y,2016-09 to 2026-09,volatility_zscore,-0.6219550827882209,-0.6900537244325148,-0.5567753365524316,0.5339714037690344,,0.7221744395236941,False
cetes_28d,rolling_10y,2016-09 to 2026-09,skewness,0.23094281658192375,0.12968792068509485,0.33253089604621655,,,,False
cetes_28d,rolling_10y,2016-09 to 2026-09,excess_kurtosis,-0.8116051268725055,-0.9833321319277025,-0.5949439906218883,,,,False
cetes_28d,rolling_10y,2016-09 to 2026-09,jarque_bera_normality,19.07184935602657,,,7.221052998636614e-05,,0.00022912956630289258,True
cetes_28d,rolling_10y,2016-09 to 2026-09,ac1_trend_tau,0.22394399972593662,,,7.519300708706524e-12,,2.885313062643201e-11,True
cetes_28d,rolling_10y,2016-09 to 2026-09,variance_trend_tau,0.2760061893034067,,,3.193730351600836e-17,,1.646767212544181e-16,True
cetes_28d,rolling_10y,2016-09 to 2026-09,critical_slowing_down_flag,1.0,,,7.519300708706524e-12,,2.885313062643201e-11,True
cetes_28d,since_last_break,2024-10 to 2026-09,mean,7.790792079207921,7.549809405940595,8.04209900990099,,,,False
cetes_28d,since_last_break,2024-10 to 2026-09,median,7.3,7.1,7.65,,,,False
cetes_28d,since_last_break,2024-10 to 2026-09,std,1.3184177510700597,,,,,,False
cetes_28d,since_last_break,2024-10 to 2026-09,min,6.13,,,,,,False
cetes_28d,since_last_break,2024-10 to 2026-09,max,10.3,,,,,,False
cetes_28d,since_last_break,2024-10 to 2026-09,latest_value,6.25,,,,,,False
cetes_28d,since_last_break,2024-10 to 2026-09,z_score,-1.168667577448329,-1.3383328164101582,-1.027027117651062,0.24253758977713624,,0.40422931629522707,False
cetes_28d,since_last_break,2024-10 to 2026-09,percentile_rank,6.930693069306931,2.4752475247524752,12.376237623762377,,,,False
cetes_28d,since_last_break,2024-10 to 2026-09,change_zscore,-1.6009756075698265,-1.9688707126439609,-1.3514777182073174,0.10938232185453911,,0.21744678440962595,False
cetes_28d,since_last_break,2024-10 to 2026-09,volatility_zscore,-0.8195970696775952,-0.963103935465656,-0.6874327805524455,0.41244584469993506,,0.5924954025398385,False
cetes_28d,since_last_break,2024-10 to 2026-09,skewness,0.5894478223216758,0.26339976740783944,0.9482891958041247,,,,False
cetes_28d,since_last_break,2024-10 to 2026-09,excess_kurtosis,-1.054818602101798,-1.4603489150070528,-0.29221376249290176,,,,False
cetes_28d,since_last_break,2024-10 to 2026-09,jarque_bera_normality,10.423189412308123,,,0.005452970864067116,,0.014995669876184569,True
cetes_28d,since_last_break,2024-10 to 2026-09,early_warning_skipped,,,,,Only 101 observations in this window; need at least ~164 for a stable trend estimate.,,False
cpi,full_history,1969-01 to 2026-08,mean,43.90519413723386,40.47191658687685,47.10418022000359,,,,False
cpi,full_history,1969-01 to 2026-08,median,32.638491416960946,20.4764995882871,44.335516388566,,,,False
cpi,full_history,1969-01 to 2026-08,std,44.59964359585362,,,,,,False
cpi,full_history,1969-01 to 2026-08,min,0.01159484238536,,,,,,False
cpi,full_history,1969-01 to 2026-08,max,145.831,,,,,,False
cpi,full_history,1969-01 to 2026-08,latest_value,145.462,,,,,,False
cpi,full_history,1969-01 to 2026-08,z_score,2.277076623818755,2.141676159716378,2.436531467359489,0.022781650353558947,,0.05610406430354069,False
cpi,full_history,1969-01 to 2026-08,percentile_rank,99.4942196531792,98.91618497109828,99.92774566473989,,,,False
cpi,full_history,1969-01 to 2026-08,change_zscore,0.29119393651248826,0.2081359616627948,0.3836783703677209,0.7709029997038792,,0.8893916161167882,False
cpi,full_history,1969-01 to 2026-08,volatility_zscore,1.1470143721653203,1.038813221925589,1.2725427361845052,0.25137568103999297,,0.4147698737159884,False
cpi,full_history,1969-01 to 2026-08,skewness,0.6256271799645878,0.5044044670044803,0.754261009066942,,,,False
cpi,full_history,1969-01 to 2026-08,excess_kurtosis,-0.8623884252623566,-1.0358070239429285,-0.6458445362247254,,,,False
cpi,full_history,1969-01 to 2026-08,jarque_bera_normality,66.51217377170939,,,3.60632594042489e-15,,1.652899389361408e-14,True
cpi,full_history,1969-01 to 2026-08,ac1_trend_tau,-0.34963257341818604,,,1.0474774737900913e-41,,9.096514903966582e-41,True
cpi,full_history,1969-01 to 2026-08,variance_trend_tau,0.693599348388425,,,1.1114991836842259e-158,,3.056622755131621e-157,True
cpi,full_history,1969-01 to 2026-08,critical_slowing_down_flag,0.0,,,,,,False
cpi,rolling_10y,2016-08 to 2026-08,mean,117.32451806742993,114.35949200922704,120.46204983026783,,,,False
cpi,rolling_10y,2016-08 to 2026-08,median,113.899,108.114,122.948,,,,False
cpi,rolling_10y,2016-08 to 2026-08,std,17.08567196868011,,,,,,False
cpi,rolling_10y,2016-08 to 2026-08,min,89.8093334935994,,,,,,False
cpi,rolling_10y,2016-08 to 2026-08,max,145.831,,,,,,False
cpi,rolling_10y,2016-08 to 2026-08,latest_value,145.462,,,,,,False
cpi,rolling_10y,2016-08 to 2026-08,z_score,1.6468466668533208,1.4309376584048081,1.906533220999946,0.09958956650001838,,0.2028676354630004,False
cpi,rolling_10y,2016-08 to 2026-08,percentile_rank,97.10743801652893,93.80165289256199,99.58677685950414,,,,False
cpi,rolling_10y,2016-08 to 2026-08,change_zscore,-0.43317790580316085,-0.6435736005626572,-0.2361040173275389,0.6648855287012014,,0.8311069108765018,False
cpi,rolling_10y,2016-08 to 2026-08,volatility_zscore,-0.24959819264948996,-0.41918270937064644,-0.08058020142931731,0.8028980964162011,,0.9073848349909122,False
cpi,rolling_10y,2016-08 to 2026-08,skewness,0.16859845052641936,-0.11545827798328048,0.4755812055554738,,,,False
cpi,rolling_10y,2016-08 to 2026-08,excess_kurtosis,-1.3588066913229655,-1.515170222221806,-1.0665762038837923,,,,False
cpi,rolling_10y,2016-08 to 2026-08,jarque_bera_normality,9.781353092935918,,,0.007516335604130067,,0.020003151204539694,True
cpi,rolling_10y,2016-08 to 2026-08,ac1_trend_tau,0.23669261519040605,,,0.0005544664121604728,,0.0016050343509908425,True
cpi,rolling_10y,2016-08 to 2026-08,variance_trend_tau,0.2413212707763518,,,0.00043075521550860164,,0.001292265646525805,True
cpi,rolling_10y,2016-08 to 2026-08,critical_slowing_down_flag,1.0,,,0.0005544664121604728,,0.0016050343509908425,True
cpi,since_last_break,2024-10 to 2026-08,mean,141.70721739130434,140.4818967391304,142.89329347826083,,,,False
cpi,since_last_break,2024-10 to 2026-08,median,141.197,140.012,144.307,,,,False
cpi,since_last_break,2024-10 to 2026-08,std,2.9449256350623556,,,,,,False
cpi,since_last_break,2024-10 to 2026-08,min,136.828,,,,,,False
cpi,since_last_break,2024-10 to 2026-08,max,145.831,,,,,,False
cpi,since_last_break,2024-10 to 2026-08,latest_value,145.462,,,,,,False
cpi,since_last_break,2024-10 to 2026-08,z_score,1.275000823107761,0.9012191776426421,1.8903575527075813,0.20230895065356624,,0.35511677508338757,False
cpi,since_last_break,2024-10 to 2026-08,percentile_rank,84.78260869565217,69.56521739130434,95.70652173913012,,,,False
cpi,since_last_break,2024-10 to 2026-08,change_zscore,-0.2842793374711718,-0.8658463698185899,0.13936995803727179,0.776196319520106,,0.8893916161167882,False
cpi,since_last_break,2024-10 to 2026-08,volatility_zscore,0.37889766994699464,-0.06574294333252072,0.9473780914903398,0.7047638545411512,,0.8463019296856696,False
cpi,since_last_break,2024-10 to 2026-08,skewness,-0.00442441183252671,-0.6928029074725418,0.6888924660708612,,,,False
cpi,since_last_break,2024-10 to 2026-08,excess_kurtosis,-1.3570179022087474,-1.7342734047288588,-0.27353640991938427,,,,False
cpi,since_last_break,2024-10 to 2026-08,jarque_bera_normality,1.6938494380822822,,,0.42873137613083767,,0.6017161441881121,False
cpi,since_last_break,2024-10 to 2026-08,early_warning_skipped,,,,,Only 23 observations in this window; need at least ~84 for a stable trend estimate.,,False
debt_shrfsp_broad_pct_gdp,full_history,2000-12 to 2025-12,mean,38.934615384615384,35.776538461538465,42.03096153846154,,,,False
debt_shrfsp_broad_pct_gdp,full_history,2000-12 to 2025-12,median,37.05,33.0,44.5,,,,False
debt_shrfsp_broad_pct_gdp,full_history,2000-12 to 2025-12,std,8.213059956322848,,,,,,False
debt_shrfsp_broad_pct_gdp,full_history,2000-12 to 2025-12,min,27.5,,,,,,False
debt_shrfsp_broad_pct_gdp,full_history,2000-12 to 2025-12,max,52.6,,,,,,False
debt_shrfsp_broad_pct_gdp,full_history,2000-12 to 2025-12,latest_value,52.6,,,,,,False
debt_shrfsp_broad_pct_gdp,full_history,2000-12 to 2025-12,z_score,1.6638603258782108,1.2713642479157827,2.383341336919027,0.0961403450809375,,0.2028676354630004,False
debt_shrfsp_broad_pct_gdp,full_history,2000-12 to 2025-12,percentile_rank,98.07692307692308,94.23076923076923,100.0,,,,False
debt_shrfsp_broad_pct_gdp,full_history,2000-12 to 2025-12,change_zscore,-0.09622052334607399,-0.48503930665187533,0.3568239787900278,0.9233454311682991,,0.9937714752168324,False
debt_shrfsp_broad_pct_gdp,full_history,2000-12 to 2025-12,volatility_zscore,-0.1649782836535183,-0.6534072279385507,0.2469485760029657,0.8689610749567676,,0.962272331327964,False
debt_shrfsp_broad_pct_gdp,full_history,2000-12 to 2025-12,skewness,0.18513295464471233,-0.4834995518248004,0.8756342246262279,,,,False
debt_shrfsp_broad_pct_gdp,full_history,2000-12 to 2025-12,excess_kurtosis,-1.45080017572136,-1.7508505835965906,-0.3051388268732081,,,,False
debt_shrfsp_broad_pct_gdp,full_history,2000-12 to 2025-12,jarque_bera_normality,2.281279019359488,,,0.3196145598407607,,0.4928635735862198,False
debt_shrfsp_broad_pct_gdp,full_history,2000-12 to 2025-12,early_warning_skipped,,,,,Series frequency is annual (or unrecognized) — insufficient resolution for rolling autocorrelation/variance trend analysis.,,False
debt_shrfsp_broad_pct_gdp,rolling_10y,2015-12 to 2025-12,mean,47.40909090909091,45.654545454545456,49.18227272727274,,,,False
debt_shrfsp_broad_pct_gdp,rolling_10y,2015-12 to 2025-12,median,47.2,44.5,50.2,,,,False
debt_shrfsp_broad_pct_gdp,rolling_10y,2015-12 to 2025-12,std,3.234951172878672,,,,,,False
debt_shrfsp_broad_pct_gdp,rolling_10y,2015-12 to 2025-12,min,43.3,,,,,,False
debt_shrfsp_broad_pct_gdp,rolling_10y,2015-12 to 2025-12,max,52.6,,,,,,False
debt_shrfsp_broad_pct_gdp,rolling_10y,2015-12 to 2025-12,latest_value,52.6,,,,,,False
debt_shrfsp_broad_pct_gdp,rolling_10y,2015-12 to 2025-12,z_score,1.6046329027865613,1.0378598627195343,3.3738851498825913,0.10857461602251917,,0.21744678440962595,False
debt_shrfsp_broad_pct_gdp,rolling_10y,2015-12 to 2025-12,percentile_rank,95.45454545454547,86.36363636363637,100.00000000000001,,,,False
debt_shrfsp_broad_pct_gdp,rolling_10y,2015-12 to 2025-12,change_zscore,-0.02236055301485173,-0.5828693518703686,1.4220637341616045,0.9821603466117499,,0.997259464683621,False
debt_shrfsp_broad_pct_gdp,rolling_10y,2015-12 to 2025-12,skewness,0.33007421680317056,-0.7081554424047302,1.3449460361486232,,,,False
debt_shrfsp_broad_pct_gdp,rolling_10y,2015-12 to 2025-12,excess_kurtosis,-1.138365177380358,-1.9724192833383523,1.805458640417109,,,,False
debt_shrfsp_broad_pct_gdp,rolling_10y,2015-12 to 2025-12,jarque_bera_normality,0.7885343124374498,,,0.6741739224237036,,0.8363811819542187,False
debt_shrfsp_broad_pct_gdp,rolling_10y,2015-12 to 2025-12,early_warning_skipped,,,,,Series frequency is annual (or unrecognized) — insufficient resolution for rolling autocorrelation/variance trend analysis.,,False
debt_shrfsp_broad_pct_gdp,since_last_break,2012-12 to 2025-12,mean,45.471428571428575,42.89982142857143,47.871428571428574,,,,False
debt_shrfsp_broad_pct_gdp,since_last_break,2012-12 to 2025-12,median,45.75,43.3,48.900000000000006,,,,False
debt_shrfsp_broad_pct_gdp,since_last_break,2012-12 to 2025-12,std,4.902970617811296,,,,,,False
debt_shrfsp_broad_pct_gdp,since_last_break,2012-12 to 2025-12,min,35.6,,,,,,False
debt_shrfsp_broad_pct_gdp,since_last_break,2012-12 to 2025-12,max,52.6,,,,,,False
debt_shrfsp_broad_pct_gdp,since_last_break,2012-12 to 2025-12,latest_value,52.6,,,,,,False
debt_shrfsp_broad_pct_gdp,since_last_break,2012-12 to 2025-12,z_score,1.4539290532713096,1.0352793463928143,2.4554487781577614,0.14596597691921254,,0.27683202519161,False
debt_shrfsp_broad_pct_gdp,since_last_break,2012-12 to 2025-12,percentile_rank,96.42857142857143,89.28571428571429,100.0,,,,False
debt_shrfsp_broad_pct_gdp,since_last_break,2012-12 to 2025-12,change_zscore,-0.2089811804446142,-0.7659377719205132,0.4312579579816309,0.8344629300803683,,0.9366420643759237,False
debt_shrfsp_broad_pct_gdp,since_last_break,2012-12 to 2025-12,volatility_zscore,-1.6502747943841374,-3.8665269304150205,-1.0119663983774607,0.0988867451538189,,0.2028676354630004,False
debt_shrfsp_broad_pct_gdp,since_last_break,2012-12 to 2025-12,skewness,-0.47154211965859305,-1.3363610734552545,0.5609812064514921,,,,False
debt_shrfsp_broad_pct_gdp,since_last_break,2012-12 to 2025-12,excess_kurtosis,-0.15794957294812972,-1.5515660208184057,2.423488144101396,,,,False
debt_shrfsp_broad_pct_gdp,since_last_break,2012-12 to 2025-12,jarque_bera_normality,0.5603937085142412,,,0.7556349768517105,,0.878026557609382,False
debt_shrfsp_broad_pct_gdp,since_last_break,2012-12 to 2025-12,early_warning_skipped,,,,,Series frequency is annual (or unrecognized) — insufficient resolution for rolling autocorrelation/variance trend analysis.,,False
fx_rate_fix,full_history,1991-11 to 2026-09,mean,12.758816651439014,12.649794413259478,12.868258758851074,,,,False
fx_rate_fix,full_history,1991-11 to 2026-09,median,12.08375,11.6983,12.3201,,,,False
fx_rate_fix,full_history,1991-11 to 2026-09,std,5.1711869737307845,,,,,,False
fx_rate_fix,full_history,1991-11 to 2026-09,min,3.0606,,,,,,False
fx_rate_fix,full_history,1991-11 to 2026-09,max,25.1185,,,,,,False
fx_rate_fix,full_history,1991-11 to 2026-09,latest_value,16.9707,,,,,,False
fx_rate_fix,full_history,1991-11 to 2026-09,z_score,0.814490632413219,0.7920027899055995,0.8381766919839923,0.41536393650549175,,0.5924954025398385,False
fx_rate_fix,full_history,1991-11 to 2026-09,percentile_rank,70.01484696208314,69.04379853814527,70.99132023755139,,,,False
fx_rate_fix,full_history,1991-11 to 2026-09,change_zscore,-0.02907038209703705,-0.0506026577347508,-0.007773933448445401,0.9768084574730937,,0.997259464683621,False
fx_rate_fix,full_history,1991-11 to 2026-09,volatility_zscore,-0.5660339580569116,-0.5933374431598367,-0.5399117298438085,0.5713706963450644,,0.7521857001993398,False
fx_rate_fix,full_history,1991-11 to 2026-09,skewness,-0.026879397482957205,-0.05520583206759378,0.0034231901391980077,,,,False
fx_rate_fix,full_history,1991-11 to 2026-09,excess_kurtosis,-0.805155589321112,-0.839397424671629,-0.7694914425845956,,,,False
fx_rate_fix,full_history,1991-11 to 2026-09,jarque_bera_normality,237.69900876073203,,,2.422791663643406e-52,,2.4985039031322624e-51,True
fx_rate_fix,full_history,1991-11 to 2026-09,ac1_trend_tau,-0.026397310597671003,,,0.0003226844543031567,,0.0009859802770374232,True
fx_rate_fix,full_history,1991-11 to 2026-09,variance_trend_tau,0.32246891052528737,,,0.0,,0.0,True
fx_rate_fix,full_history,1991-11 to 2026-09,critical_slowing_down_flag,0.0,,,,,,False
fx_rate_fix,rolling_10y,2016-09 to 2026-09,mean,19.268466958250496,19.212926290258448,19.325771005964214,,,,False
fx_rate_fix,rolling_10y,2016-09 to 2026-09,median,19.2009,19.142129999999998,19.2648,,,,False
fx_rate_fix,rolling_10y,2016-09 to 2026-09,std,1.4522690908770037,,,,,,False
fx_rate_fix,rolling_10y,2016-09 to 2026-09,min,16.3357,,,,,,False
fx_rate_fix,rolling_10y,2016-09 to 2026-09,max,25.1185,,,,,,False
fx_rate_fix,rolling_10y,2016-09 to 2026-09,latest_value,16.9707,,,,,,False
fx_rate_fix,rolling_10y,2016-09 to 2026-09,z_score,-1.5821909126103537,-1.6383600028752476,-1.531064666256167,0.11360599427515772,,0.22315463161191698,False
fx_rate_fix,rolling_10y,2016-09 to 2026-09,percentile_rank,3.5984095427435387,2.922465208747515,4.294234592445328,,,,False
fx_rate_fix,rolling_10y,2016-09 to 2026-09,change_zscore,-0.004407293424634618,-0.043614150484759556,0.03435665940592505,0.9964835000057803,,0.997259464683621,False
fx_rate_fix,rolling_10y,2016-09 to 2026-09,volatility_zscore,-0.9619382269965763,-1.057320649068013,-0.8845781435552197,0.3360806348140415,,0.5091122820409175,False
fx_rate_fix,rolling_10y,2016-09 to 2026-09,skewness,0.6056072745413132,0.48647321516966463,0.721237309947519,,,,False
fx_rate_fix,rolling_10y,2016-09 to 2026-09,excess_kurtosis,1.0314967520442213,0.7053067948786034,1.348299124213424,,,,False
fx_rate_fix,rolling_10y,2016-09 to 2026-09,jarque_bera_normality,264.0905381215079,,,4.502650993116117e-58,,5.306695813315423e-57,True
fx_rate_fix,rolling_10y,2016-09 to 2026-09,ac1_trend_tau,0.35334289637609456,,,1.0156906834513538e-124,,2.3941280395639053e-123,True
fx_rate_fix,rolling_10y,2016-09 to 2026-09,variance_trend_tau,0.017461615191990774,,,0.24045570206185596,,0.40422931629522707,False
fx_rate_fix,rolling_10y,2016-09 to 2026-09,critical_slowing_down_flag,0.0,,,,,,False
fx_rate_fix,since_last_break,2024-10 to 2026-09,mean,18.66071881390593,18.560302147239263,18.771477975460122,,,,False
fx_rate_fix,since_last_break,2024-10 to 2026-09,median,18.522,18.3922,18.6353,,,,False
fx_rate_fix,since_last_break,2024-10 to 2026-09,std,1.1939625087364605,,,,,,False
fx_rate_fix,since_last_break,2024-10 to 2026-09,min,16.8748,,,,,,False
fx_rate_fix,since_last_break,2024-10 to 2026-09,max,20.8518,,,,,,False
fx_rate_fix,since_last_break,2024-10 to 2026-09,latest_value,16.9707,,,,,,False
fx_rate_fix,since_last_break,2024-10 to 2026-09,z_score,-1.4154705876773572,-1.507519184276706,-1.3333778090580397,0.15693056614870948,,0.2942448115288303,False
fx_rate_fix,since_last_break,2024-10 to 2026-09,percentile_rank,2.3517382413087935,1.1247443762781186,3.785787321063381,,,,False
fx_rate_fix,since_last_break,2024-10 to 2026-09,change_zscore,0.03018166767511529,-0.0558777118225473,0.12172269091865567,0.9759221689469633,,0.997259464683621,False
fx_rate_fix,since_last_break,2024-10 to 2026-09,volatility_zscore,-1.0659445202624804,-1.1567847833400768,-0.9885664463886185,0.2864487220911647,,0.45013370614325876,False
fx_rate_fix,since_last_break,2024-10 to 2026-09,skewness,0.2761706218738119,0.1388997671034379,0.4091725663127886,,,,False
fx_rate_fix,since_last_break,2024-10 to 2026-09,excess_kurtosis,-1.2771662463947804,-1.3976358299553986,-1.117120626602652,,,,False
fx_rate_fix,since_last_break,2024-10 to 2026-09,jarque_bera_normality,39.3722561074254,,,2.821130759804695e-09,,1.0344146119283883e-08,True
fx_rate_fix,since_last_break,2024-10 to 2026-09,early_warning_skipped,,,,,Only 489 observations in this window; need at least ~564 for a stable trend estimate.,,False
international_reserves,full_history,1995-12 to 2026-09,mean,122085.79706616729,118625.43300405743,125764.48925093631,,,,False
international_reserves,full_history,1995-12 to 2026-09,median,125720.70000000001,104864.94875000001,147928.45,,,,False
international_reserves,full_history,1995-12 to 2026-09,std,73149.79098128797,,,,,,False
international_reserves,full_history,1995-12 to 2026-09,min,15371.1,,,,,,False
international_reserves,full_history,1995-12 to 2026-09,max,258608.8,,,,,,False
international_reserves,full_history,1995-12 to 2026-09,latest_value,258034.6,,,,,,False
international_reserves,full_history,1995-12 to 2026-09,z_score,1.8584988570727292,1.8001584205606664,1.9187953762751448,0.0630982055402094,,0.14184461785499536,False
international_reserves,full_history,1995-12 to 2026-09,percentile_rank,99.84394506866417,99.625468164794,100.0,,,,False
international_reserves,full_history,1995-12 to 2026-09,change_zscore,-0.8124347340251303,-1.0448856404540856,-0.6518349659113027,0.41654222239164396,,0.5924954025398385,False
international_reserves,full_history,1995-12 to 2026-09,volatility_zscore,0.3216965296495697,0.25713422331709845,0.3905878069762159,0.7476826071532252,,0.8749477317750508,False
international_reserves,full_history,1995-12 to 2026-09,skewness,0.04803237838317713,-0.0372470958564983,0.13218519083080105,,,,False
international_reserves,full_history,1995-12 to 2026-09,excess_kurtosis,-1.480672952901281,-1.513170292914461,-1.441828453816784,,,,False
international_reserves,full_history,1995-12 to 2026-09,jarque_bera_normality,146.7842639334598,,,1.337217562252581e-32,,9.593082511811993e-32,True
international_reserves,full_history,1995-12 to 2026-09,ac1_trend_tau,0.12296671301116632,,,9.81968895597618e-13,,4.050621694340174e-12,True
international_reserves,full_history,1995-12 to 2026-09,variance_trend_tau,0.21863351713781595,,,7.4013083878910405e-37,,5.550981290918281e-36,True
international_reserves,full_history,1995-12 to 2026-09,critical_slowing_down_flag,1.0,,,9.81968895597618e-13,,4.050621694340174e-12,True
international_reserves,rolling_10y,2016-09 to 2026-09,mean,200738.8053639847,198560.5713697318,202886.4982183908,,,,False
international_reserves,rolling_10y,2016-09 to 2026-09,median,196632.84999999998,194936.0,198561.89875,,,,False
international_reserves,rolling_10y,2016-09 to 2026-09,std,25715.505546854358,,,,,,False
international_reserves,rolling_10y,2016-09 to 2026-09,min,172408.9,,,,,,False
international_reserves,rolling_10y,2016-09 to 2026-09,max,258608.8,,,,,,False
international_reserves,rolling_10y,2016-09 to 2026-09,latest_value,258034.6,,,,,,False
international_reserves,rolling_10y,2016-09 to 2026-09,z_score,2.228064096644758,2.050347908923661,2.426946166591753,0.02587624105649411,,0.061877967743790264,False
international_reserves,rolling_10y,2016-09 to 2026-09,percentile_rank,99.52107279693487,98.9463601532567,100.0,,,,False
international_reserves,rolling_10y,2016-09 to 2026-09,change_zscore,-0.8663230566336975,-1.4433680777653064,-0.6259716364325787,0.3863130256829965,,0.5691218681937003,False
international_reserves,rolling_10y,2016-09 to 2026-09,volatility_zscore,0.5549117067830054,0.423066018385774,0.7073354718012134,0.5789550540928252,,0.7521857001993398,False
international_reserves,rolling_10y,2016-09 to 2026-09,skewness,0.8230582476140184,0.6888643934152782,0.9606436933476552,,,,False
international_reserves,rolling_10y,2016-09 to 2026-09,excess_kurtosis,-0.40051515765821444,-0.7138600311338779,-0.01111535249731354,,,,False
international_reserves,rolling_10y,2016-09 to 2026-09,jarque_bera_normality,62.22092504851072,,,3.082462460325742e-14,,1.338437647246704e-13,True
international_reserves,rolling_10y,2016-09 to 2026-09,ac1_trend_tau,0.290495712050793,,,6.546891502119717e-19,,3.7249555098267355e-18,True
international_reserves,rolling_10y,2016-09 to 2026-09,variance_trend_tau,0.5332701465096893,,,9.015498793522708e-60,,1.14427484687019e-58,True
international_reserves,rolling_10y,2016-09 to 2026-09,critical_slowing_down_flag,1.0,,,6.546891502119717e-19,,3.7249555098267355e-18,True
international_reserves,since_last_break,2024-10 to 2026-09,mean,244753.3386138614,242754.24116336633,246752.18777227722,,,,False
international_reserves,since_last_break,2024-10 to 2026-09,median,246528.4,241911.5,250205.9,,,,False
international_reserves,since_last_break,2024-10 to 2026-09,std,10651.552947387252,,,,,,False
international_reserves,since_last_break,2024-10 to 2026-09,min,225361.3,,,,,,False
international_reserves,since_last_break,2024-10 to 2026-09,max,258608.8,,,,,,False
international_reserves,since_last_break,2024-10 to 2026-09,latest_value,258034.6,,,,,,False
international_reserves,since_last_break,2024-10 to 2026-09,z_score,1.2468849802221953,1.0855530116316061,1.4412174256479997,0.21243967477764247,,0.36513069102407303,False
international_reserves,since_last_break,2024-10 to 2026-09,percentile_rank,97.52475247524752,94.05940594059406,100.0,,,,False
international_reserves,since_last_break,2024-10 to 2026-09,change_zscore,-1.2493127014979564,-1.598843780226761,-0.9998254778748688,0.21155072407994124,,0.36513069102407303,False
international_reserves,since_last_break,2024-10 to 2026-09,volatility_zscore,-0.07216333950082375,-0.2733706824971869,0.12538343188461565,0.9424719199195428,,0.997259464683621,False
international_reserves,since_last_break,2024-10 to 2026-09,skewness,-0.41029403642457585,-0.7207315957149889,-0.1136303105338454,,,,False
international_reserves,since_last_break,2024-10 to 2026-09,excess_kurtosis,-1.175071899209191,-1.464831824244323,-0.6770022626779307,,,,False
international_reserves,since_last_break,2024-10 to 2026-09,jarque_bera_normality,8.57506783491038,,,0.013738764482380861,,0.03487532522450527,True
international_reserves,since_last_break,2024-10 to 2026-09,early_warning_skipped,,,,,Only 101 observations in this window; need at least ~164 for a stable trend estimate.,,False
m1,full_history,2000-12 to 2026-07,mean,3233102108.8005195,2962346131.113978,3511210645.3498907,,,,False
m1,full_history,2000-12 to 2026-07,median,2262072493.0150003,2034978401.692125,2887393058.55,,,,False
m1,full_history,2000-12 to 2026-07,std,2447584783.621981,,,,,,False
m1,full_history,2000-12 to 2026-07,min,509701873.04,,,,,,False
m1,full_history,2000-12 to 2026-07,max,8827047837.39,,,,,,False
m1,full_history,2000-12 to 2026-07,latest_value,8756031945.4,,,,,,False
m1,full_history,2000-12 to 2026-07,z_score,2.256481521521206,2.0442362236378426,2.5164969012427214,0.024040491275548526,,0.05833354500684569,False
m1,full_history,2000-12 to 2026-07,percentile_rank,99.18831168831169,98.05194805194805,100.0,,,,False
m1,full_history,2000-12 to 2026-07,change_zscore,0.3747906622611435,0.24154862465882967,0.5358020580004038,0.7078161593734691,,0.8463019296856696,False
m1,full_history,2000-12 to 2026-07,volatility_zscore,1.4936441047181885,1.3092511386839119,1.7328014401580687,0.13526866518661973,,0.25952709018363085,False
m1,full_history,2000-12 to 2026-07,skewness,0.7724127575658468,0.5767977207058335,0.9667344773684468,,,,False
m1,full_history,2000-12 to 2026-07,excess_kurtosis,-0.6701979915050229,-1.019019913215845,-0.2305906521796626,,,,False
m1,full_history,2000-12 to 2026-07,jarque_bera_normality,36.24152780214615,,,1.3497465618712802e-08,,4.7384719725268345e-08,True
m1,full_history,2000-12 to 2026-07,ac1_trend_tau,0.3464294539164814,,,2.805667752057633e-18,,1.4933392873855144e-17,True
m1,full_history,2000-12 to 2026-07,variance_trend_tau,0.7575488015814184,,,4.819258578597415e-81,,7.951776654685734e-80,True
m1,full_history,2000-12 to 2026-07,critical_slowing_down_flag,1.0,,,2.805667752057633e-18,,1.4933392873855144e-17,True
m1,rolling_10y,2016-07 to 2026-07,mean,5886474161.035702,5601099920.171231,6182787792.875178,,,,False
m1,rolling_10y,2016-07 to 2026-07,median,5854176324.51,5244100368.54,6436513271.79,,,,False
m1,rolling_10y,2016-07 to 2026-07,std,1638028004.141637,,,,,,False
m1,rolling_10y,2016-07 to 2026-07,min,3456182318.39,,,,,,False
m1,rolling_10y,2016-07 to 2026-07,max,8827047837.39,,,,,,False
m1,rolling_10y,2016-07 to 2026-07,latest_value,8756031945.4,,,,,,False
m1,rolling_10y,2016-07 to 2026-07,z_score,1.7518368288630142,1.5263715535250948,2.02125824998976,0.07980186943656631,,0.1755641127604459,False
m1,rolling_10y,2016-07 to 2026-07,percentile_rank,97.93388429752066,95.45454545454545,100.0,,,,False
m1,rolling_10y,2016-07 to 2026-07,change_zscore,0.1177652603886673,-0.055783824122679515,0.29983945755699903,0.9062536561492573,,0.9837621925304438,False
m1,rolling_10y,2016-07 to 2026-07,volatility_zscore,0.6240042348772868,0.4379418474322628,0.8506493781438873,0.5326248038929111,,0.7221744395236941,False
m1,rolling_10y,2016-07 to 2026-07,skewness,0.19142564503091045,-0.0803642771506619,0.4836741261329689,,,,False
m1,rolling_10y,2016-07 to 2026-07,excess_kurtosis,-1.28745138586563,-1.4687716755415479,-0.9986070518366095,,,,False
m1,rolling_10y,2016-07 to 2026-07,jarque_bera_normality,9.033245095390788,,,0.010925863003167093,,0.02816824055504016,True
m1,rolling_10y,2016-07 to 2026-07,ac1_trend_tau,0.08899642331159269,,,0.19417951294698854,,0.3450358745092929,False
m1,rolling_10y,2016-07 to 2026-07,variance_trend_tau,0.26488533557753,,,0.0001114317271509948,,0.00034691009396064414,True
m1,rolling_10y,2016-07 to 2026-07,critical_slowing_down_flag,0.0,,,,,,False
m1,since_last_break,2024-10 to 2026-07,mean,8314764251.7,8180846420.856341,8458663599.286909,,,,False
m1,since_last_break,2024-10 to 2026-07,median,8187703076.63,8099833824.832125,8590934162.54,,,,False
m1,since_last_break,2024-10 to 2026-07,std,325997613.72422844,,,,,,False
m1,since_last_break,2024-10 to 2026-07,min,7667574679.44,,,,,,False
m1,since_last_break,2024-10 to 2026-07,max,8827047837.39,,,,,,False
m1,since_last_break,2024-10 to 2026-07,latest_value,8756031945.4,,,,,,False
m1,since_last_break,2024-10 to 2026-07,z_score,1.3535917906236024,0.9444258160221829,2.123641586934523,0.17586664745455138,,0.3260449082022582,False
m1,since_last_break,2024-10 to 2026-07,percentile_rank,88.63636363636364,75.0,100.00000000000001,,,,False
m1,since_last_break,2024-10 to 2026-07,change_zscore,0.03643709899812323,-0.3945312648955764,0.5813462039228334,0.9709338330863253,,0.997259464683621,False
m1,since_last_break,2024-10 to 2026-07,volatility_zscore,0.6236720590133532,0.1998063136520464,1.2043601922364273,0.5328429764218789,,0.7221744395236941,False
m1,since_last_break,2024-10 to 2026-07,skewness,0.06698483665649711,-0.6372231555450192,0.9959084671698628,,,,False
m1,since_last_break,2024-10 to 2026-07,excess_kurtosis,-1.0563457320374485,-1.8335054320653044,0.5799782020581253,,,,False
m1,since_last_break,2024-10 to 2026-07,jarque_bera_normality,1.1072342906409944,,,0.5748666688577855,,0.7521857001993398,False
m1,since_last_break,2024-10 to 2026-07,early_warning_skipped,,,,,Only 22 observations in this window; need at least ~84 for a stable trend estimate.,,False
m2,full_history,2000-12 to 2026-07,mean,6802463693.014642,6321336453.357196,7292785193.108753,,,,False
m2,full_history,2000-12 to 2026-07,median,5577681123.795,5059512476.315,6483423543.22,,,,False
m2,full_history,2000-12 to 2026-07,std,4245019852.07214,,,,,,False
m2,full_history,2000-12 to 2026-07,min,1776421087.96,,,,,,False
m2,full_history,2000-12 to 2026-07,max,16988915062.14,,,,,,False
m2,full_history,2000-12 to 2026-07,latest_value,16988915062.14,,,,,,False
m2,full_history,2000-12 to 2026-07,z_score,2.3996239650452993,2.174819313347704,2.67801466864791,0.01641192170338246,,0.04102980425845615,True
m2,full_history,2000-12 to 2026-07,percentile_rank,99.83766233766234,99.51298701298701,100.0,,,,False
m2,full_history,2000-12 to 2026-07,change_zscore,1.1077377171419147,0.9176617512879751,1.3677922845078228,0.2679751052848529,,0.4292805084660265,False
m2,full_history,2000-12 to 2026-07,volatility_zscore,1.2974547477758152,1.1171252136626795,1.5289683827768674,0.19447476563251054,,0.3450358745092929,False
m2,full_history,2000-12 to 2026-07,skewness,0.7765920434798133,0.5922938307513207,0.962725836538131,,,,False
m2,full_history,2000-12 to 2026-07,excess_kurtosis,-0.46275056951518145,-0.8285168184775806,-0.017242608873484482,,,,False
m2,full_history,2000-12 to 2026-07,jarque_bera_normality,33.54940862244294,,,5.1860712852463273e-08,,1.782712004303425e-07,True
m2,full_history,2000-12 to 2026-07,ac1_trend_tau,0.3762293056585125,,,2.8239167433540267e-21,,1.7257268987163497e-20,True
m2,full_history,2000-12 to 2026-07,variance_trend_tau,0.8011366444279713,,,2.0590370275880093e-90,,3.774901217244684e-89,True
m2,full_history,2000-12 to 2026-07,critical_slowing_down_flag,1.0,,,2.8239167433540267e-21,,1.7257268987163497e-20,True
m2,rolling_10y,2016-07 to 2026-07,mean,11311775706.581734,10809494392.936773,11850987536.864355,,,,False
m2,rolling_10y,2016-07 to 2026-07,median,10687510701.45,10123059226.98,11641724836.25,,,,False
m2,rolling_10y,2016-07 to 2026-07,std,2940037769.590881,,,,,,False
m2,rolling_10y,2016-07 to 2026-07,min,7116798712.91,,,,,,False
m2,rolling_10y,2016-07 to 2026-07,max,16988915062.14,,,,,,False
m2,rolling_10y,2016-07 to 2026-07,latest_value,16988915062.14,,,,,,False
m2,rolling_10y,2016-07 to 2026-07,z_score,1.9309749739535709,1.6629994703538595,2.2636198564732655,0.05348614735964685,,0.12257242103252404,False
m2,rolling_10y,2016-07 to 2026-07,percentile_rank,99.58677685950414,98.7603305785124,100.0,,,,False
m2,rolling_10y,2016-07 to 2026-07,change_zscore,0.5585586687826737,0.3643178174521289,0.7839563217340809,0.5764629541079898,,0.7521857001993398,False
m2,rolling_10y,2016-07 to 2026-07,volatility_zscore,0.3871909683108387,0.20342661541157425,0.607596506957877,0.6986148359558544,,0.8463019296856696,False
m2,rolling_10y,2016-07 to 2026-07,skewness,0.41203550047657306,0.140029467369507,0.7048173256340102,,,,False
m2,rolling_10y,2016-07 to 2026-07,excess_kurtosis,-1.073740430277049,-1.3691494695981068,-0.5739302956945139,,,,False
m2,rolling_10y,2016-07 to 2026-07,jarque_bera_normality,9.209496013003132,,,0.01000422268616827,,0.02620153560663118,True
m2,rolling_10y,2016-07 to 2026-07,ac1_trend_tau,0.5623816536924048,,,2.320570026841538e-16,,1.0939830126538678e-15,True
m2,rolling_10y,2016-07 to 2026-07,variance_trend_tau,0.6856722070271407,,,1.4807570633094762e-23,,9.772996617842543e-23,True
m2,rolling_10y,2016-07 to 2026-07,critical_slowing_down_flag,1.0,,,2.320570026841538e-16,,1.0939830126538678e-15,True
m2,since_last_break,2024-10 to 2026-07,mean,15998277989.719545,15746194763.236286,16256128004.378452,,,,False
m2,since_last_break,2024-10 to 2026-07,median,15930620300.86,15655268115.325,16385639640.77,,,,False
m2,since_last_break,2024-10 to 2026-07,std,600257581.7254719,,,,,,False
m2,since_last_break,2024-10 to 2026-07,min,14796447103.8,,,,,,False
m2,since_last_break,2024-10 to 2026-07,max,16988915062.14,,,,,,False
m2,since_last_break,2024-10 to 2026-07,latest_value,16988915062.14,,,,,,False
m2,since_last_break,2024-10 to 2026-07,z_score,1.650353285955699,1.254192565738824,2.4474146855918586,0.09887069960173256,,0.2028676354630004,False
m2,since_last_break,2024-10 to 2026-07,percentile_rank,97.72727272727273,93.18181818181819,100.00000000000001,,,,False
m2,since_last_break,2024-10 to 2026-07,change_zscore,0.2652407345980712,-0.16843560541210242,0.7801517680775102,0.7908240166345921,,0.8999031913428117,False
m2,since_last_break,2024-10 to 2026-07,volatility_zscore,0.9518204999663544,0.594370793436994,1.5448846954215107,0.34118802356606714,,0.5117820353491007,False
m2,since_last_break,2024-10 to 2026-07,skewness,-0.09069885785691287,-0.7621295703176032,0.676460606808116,,,,False
m2,since_last_break,2024-10 to 2026-07,excess_kurtosis,-0.7791770586096338,-1.5125804974897494,0.546913237455504,,,,False
m2,since_last_break,2024-10 to 2026-07,jarque_bera_normality,0.726153338083333,,,0.6955331055981682,,0.8463019296856696,False
m2,since_last_break,2024-10 to 2026-07,early_warning_skipped,,,,,Only 22 observations in this window; need at least ~84 for a stable trend estimate.,,False
quarterly_gdp,full_history,1980-03 to 2026-06,mean,17836400.21161828,17147089.411132123,18508593.968530644,,,,False
quarterly_gdp,full_history,1980-03 to 2026-06,median,18018841.277000003,17064809.847999997,19292209.618,,,,False
quarterly_gdp,full_history,1980-03 to 2026-06,std,4883970.674058403,,,,,,False
quarterly_gdp,full_history,1980-03 to 2026-06,min,10342350.0,,,,,,False
quarterly_gdp,full_history,1980-03 to 2026-06,max,26144132.442,,,,,,False
quarterly_gdp,full_history,1980-03 to 2026-06,latest_value,26144132.442,,,,,,False
quarterly_gdp,full_history,1980-03 to 2026-06,z_score,1.7010200889429785,1.5403376365535688,1.894362389995888,0.08893921497806478,,0.19058403209585312,False
quarterly_gdp,full_history,1980-03 to 2026-06,percentile_rank,99.73118279569891,99.19354838709677,100.0,,,,False
quarterly_gdp,full_history,1980-03 to 2026-06,change_zscore,1.7340408632755788,1.402895504603608,2.246819032427712,0.08291083298340607,,0.18000378213502632,False
quarterly_gdp,full_history,1980-03 to 2026-06,volatility_zscore,-0.49142526969771433,-0.5923976879555616,-0.3910271672549192,0.62312569517219,,0.7908903054108565,False
quarterly_gdp,full_history,1980-03 to 2026-06,skewness,0.002654581322067119,-0.2042213620297189,0.22067857277279013,,,,False
quarterly_gdp,full_history,1980-03 to 2026-06,excess_kurtosis,-1.3727606501398208,-1.4937027555005484,-1.185683916514291,,,,False
quarterly_gdp,full_history,1980-03 to 2026-06,jarque_bera_normality,14.508431950569719,,,0.0007071866137896415,,0.0020118239875050146,True
quarterly_gdp,full_history,1980-03 to 2026-06,ac1_trend_tau,-0.25855250768941057,,,2.7690786504680063e-07,,9.324448516882061e-07,True
quarterly_gdp,full_history,1980-03 to 2026-06,variance_trend_tau,0.3506998932898123,,,3.1721890149676517e-12,,1.2766126523650307e-11,True
quarterly_gdp,full_history,1980-03 to 2026-06,critical_slowing_down_flag,0.0,,,,,,False
quarterly_gdp,rolling_10y,2016-06 to 2026-06,mean,24203090.352487806,23800871.722896338,24558615.796016466,,,,False
quarterly_gdp,rolling_10y,2016-06 to 2026-06,median,24289379.479,23790581.652000003,24605265.729,,,,False
quarterly_gdp,rolling_10y,2016-06 to 2026-06,std,1231942.6886771359,,,,,,False
quarterly_gdp,rolling_10y,2016-06 to 2026-06,min,19252739.685,,,,,,False
quarterly_gdp,rolling_10y,2016-06 to 2026-06,max,26144132.442,,,,,,False
quarterly_gdp,rolling_10y,2016-06 to 2026-06,latest_value,26144132.442,,,,,,False
quarterly_gdp,rolling_10y,2016-06 to 2026-06,z_score,1.575594471522448,1.215507366099885,2.37790788993939,0.11511929104470675,,0.2234668590867837,False
quarterly_gdp,rolling_10y,2016-06 to 2026-06,percentile_rank,98.78048780487805,96.34146341463415,100.0,,,,False
quarterly_gdp,rolling_10y,2016-06 to 2026-06,change_zscore,1.0528952988249307,0.7383468593114436,1.7485226255204136,0.29238898097290833,,0.45513379113707425,False
quarterly_gdp,rolling_10y,2016-06 to 2026-06,volatility_zscore,-0.8407324433376198,-1.1529818308616555,-0.604975469694363,0.40049784095215246,,0.5847977323637624,False
quarterly_gdp,rolling_10y,2016-06 to 2026-06,skewness,-1.4849657433548535,-2.232102652461379,0.5469973025361238,,,,False
quarterly_gdp,rolling_10y,2016-06 to 2026-06,excess_kurtosis,5.360072094885901,-1.1418620569117208,8.801698345628774,,,,False
quarterly_gdp,rolling_10y,2016-06 to 2026-06,jarque_bera_normality,49.89564681465111,,,1.463180682250635e-11,,5.486927558439882e-11,True
quarterly_gdp,rolling_10y,2016-06 to 2026-06,early_warning_skipped,,,,,Only 41 observations in this window; need at least ~68 for a stable trend estimate.,,False
quarterly_gdp,since_last_break,2018-12 to 2026-06,mean,24349417.025322575,23839384.678072583,24773875.47875968,,,,False
quarterly_gdp,since_last_break,2018-12 to 2026-06,median,24356643.155000005,24024906.35,25052395.778999995,,,,False
quarterly_gdp,since_last_break,2018-12 to 2026-06,std,1369823.8782731737,,,,,,False
quarterly_gdp,since_last_break,2018-12 to 2026-06,min,19252739.685,,,,,,False
quarterly_gdp,since_last_break,2018-12 to 2026-06,max,26144132.442,,,,,,False
quarterly_gdp,since_last_break,2018-12 to 2026-06,latest_value,26144132.442,,,,,,False
quarterly_gdp,since_last_break,2018-12 to 2026-06,z_score,1.3101796845152673,1.0189535298324113,2.03454804254381,0.19013505663688157,,0.34475037741852155,False
quarterly_gdp,since_last_break,2018-12 to 2026-06,percentile_rank,98.38709677419354,95.16129032258064,100.0,,,,False
quarterly_gdp,since_last_break,2018-12 to 2026-06,change_zscore,0.9614565565593516,0.6449256179158908,1.6821835161356644,0.3363226590452122,,0.5091122820409175,False
quarterly_gdp,since_last_break,2018-12 to 2026-06,volatility_zscore,-1.1921459002971788,-1.6923991799995717,-0.8739659991690351,0.23320404187873134,,0.39668728773186257,False
quarterly_gdp,since_last_break,2018-12 to 2026-06,skewness,-1.7664340208222011,-2.4371160384432593,0.16455976814242443,,,,False
quarterly_gdp,since_last_break,2018-12 to 2026-06,excess_kurtosis,5.30972580495297,-1.17405357347612,9.047498606634385,,,,False
quarterly_gdp,since_last_break,2018-12 to 2026-06,jarque_bera_normality,38.50208662590805,,,4.358912170243653e-09,,1.5635228436743536e-08,True
quarterly_gdp,since_last_break,2018-12 to 2026-06,early_warning_skipped,,,,,Only 31 observations in this window; need at least ~68 for a stable trend estimate.,,False
target_rate,full_history,2008-01 to 2026-09,mean,6.188561215370867,6.128792448614834,6.248314156985404,,,,False
target_rate,full_history,2008-01 to 2026-09,median,5.5,5.25,5.75,,,,False
target_rate,full_history,2008-01 to 2026-09,std,2.439195204599336,,,,,,False
target_rate,full_history,2008-01 to 2026-09,min,3.0,,,,,,False
target_rate,full_history,2008-01 to 2026-09,max,11.25,,,,,,False
target_rate,full_history,2008-01 to 2026-09,latest_value,6.5,,,,,,False
target_rate,full_history,2008-01 to 2026-09,z_score,0.12768095970420304,0.1026797253808649,0.1536844237124581,0.8984014587033802,,0.9837621925304438,False
target_rate,full_history,2008-01 to 2026-09,percentile_rank,55.55555555555556,54.38635686624963,56.73220137027108,,,,False
target_rate,full_history,2008-01 to 2026-09,change_zscore,0.0034347584094494604,-0.020425694670344954,0.027869763589915983,0.997259464683621,,0.997259464683621,False
target_rate,full_history,2008-01 to 2026-09,volatility_zscore,-0.32365603683451294,-0.3355472271761784,-0.31164837609260354,0.7461984581925563,,0.8749477317750508,False
target_rate,full_history,2008-01 to 2026-09,skewness,0.6093733474748638,0.5716243134798525,0.6464843954986109,,,,False
target_rate,full_history,2008-01 to 2026-09,excess_kurtosis,-0.6882834208137236,-0.7512005592909254,-0.6250501183685709,,,,False
target_rate,full_history,2008-01 to 2026-09,jarque_bera_normality,548.0130755983062,,,1.0010888595159025e-119,,2.064745772751549e-118,True
target_rate,full_history,2008-01 to 2026-09,ac1_trend_tau,0.24794673111651427,,,3.725112365814554e-162,,1.2292870807188028e-160,True
target_rate,full_history,2008-01 to 2026-09,variance_trend_tau,0.3645621616647251,,,0.0,,0.0,True
target_rate,full_history,2008-01 to 2026-09,critical_slowing_down_flag,1.0,,,3.725112365814554e-162,,1.2292870807188028e-160,True
target_rate,rolling_10y,2016-09 to 2026-09,mean,7.6390414721230435,7.562268264213128,7.7078464020873385,,,,False
target_rate,rolling_10y,2016-09 to 2026-09,median,7.5,7.5,7.5,,,,False
target_rate,rolling_10y,2016-09 to 2026-09,std,2.1816179318918603,,,,,,False
target_rate,rolling_10y,2016-09 to 2026-09,min,4.0,,,,,,False
target_rate,rolling_10y,2016-09 to 2026-09,max,11.25,,,,,,False
target_rate,rolling_10y,2016-09 to 2026-09,latest_value,6.5,,,,,,False
target_rate,rolling_10y,2016-09 to 2026-09,z_score,-0.5221085944848679,-0.5538260448588987,-0.48917714990786315,0.6015947228245959,,0.7694816222175064,False
target_rate,rolling_10y,2016-09 to 2026-09,percentile_rank,28.23400164789893,26.847020049436967,29.648448228508652,,,,False
target_rate,rolling_10y,2016-09 to 2026-09,change_zscore,-0.012473775646186272,-0.0433087267695146,0.020518830875668765,0.9900476250877517,,0.997259464683621,False
target_rate,rolling_10y,2016-09 to 2026-09,volatility_zscore,-0.3933558443963672,-0.41131126424241043,-0.3764838543927721,0.6940566775851624,,0.8463019296856696,False
target_rate,rolling_10y,2016-09 to 2026-09,skewness,0.1760812377999294,0.13637846889697833,0.21578509128376622,,,,False
target_rate,rolling_10y,2016-09 to 2026-09,excess_kurtosis,-0.867711552892819,-0.932754915817593,-0.7968191745534328,,,,False
target_rate,rolling_10y,2016-09 to 2026-09,jarque_bera_normality,133.1440409618288,,,1.2250078056222527e-29,,8.421928663652988e-29,True
target_rate,rolling_10y,2016-09 to 2026-09,ac1_trend_tau,0.15317615167553497,,,7.239892566723423e-38,,5.688487016711261e-37,True
target_rate,rolling_10y,2016-09 to 2026-09,variance_trend_tau,0.1851273989272099,,,1.7285247877307296e-54,,1.9013772665038026e-53,True
target_rate,rolling_10y,2016-09 to 2026-09,critical_slowing_down_flag,1.0,,,7.239892566723423e-38,,5.688487016711261e-37,True
target_rate,since_last_break,2024-10 to 2026-09,mean,8.034507042253521,7.940484154929577,8.135211267605634,,,,False
target_rate,since_last_break,2024-10 to 2026-09,median,7.75,7.5,7.75,,,,False
target_rate,since_last_break,2024-10 to 2026-09,std,1.3559951911206907,,,,,,False
target_rate,since_last_break,2024-10 to 2026-09,min,6.5,,,,,,False
target_rate,since_last_break,2024-10 to 2026-09,max,10.5,,,,,,False
target_rate,since_last_break,2024-10 to 2026-09,latest_value,6.5,,,,,,False
target_rate,since_last_break,2024-10 to 2026-09,z_score,-1.1316463747819752,-1.1951551281761545,-1.0762571026301386,0.25778313494768246,,0.41912987250471323,False
target_rate,since_last_break,2024-10 to 2026-09,percentile_rank,8.943661971830986,7.464788732394367,10.352112676056338,,,,False
target_rate,since_last_break,2024-10 to 2026-09,change_zscore,0.1235027098317348,0.08699802347850721,0.15797227643920714,0.9017090285849747,,0.9837621925304438,False
target_rate,since_last_break,2024-10 to 2026-09,volatility_zscore,-0.437266313249213,-0.476690109960022,-0.4004006284332679,0.6619182227404574,,0.8311069108765018,False
target_rate,since_last_break,2024-10 to 2026-09,skewness,0.5278178160805235,0.4031713432689092,0.6489942206141801,,,,False
target_rate,since_last_break,2024-10 to 2026-09,excess_kurtosis,-1.1525957670716793,-1.3143256737676317,-0.9554191471615313,,,,False
target_rate,since_last_break,2024-10 to 2026-09,jarque_bera_normality,72.15127488270754,,,2.1505509100542695e-16,,1.0752754550271347e-15,True
target_rate,since_last_break,2024-10 to 2026-09,ac1_trend_tau,-0.8839641667839221,,,8.259667678715278e-80,,1.2389501518072918e-78,True
target_rate,since_last_break,2024-10 to 2026-09,variance_trend_tau,-1.0,,,0.0,,0.0,True
target_rate,since_last_break,2024-10 to 2026-09,critical_slowing_down_flag,0.0,,,,,,False
unemployment_rate,full_history,2005-01 to 2026-07,mean,3.9488473548075396,3.834388020691036,4.06228772673573,,,,False
unemployment_rate,full_history,2005-01 to 2026-07,median,3.791441867868525,3.666318455519311,3.976181350818605,,,,False
unemployment_rate,full_history,2005-01 to 2026-07,std,0.9309631280668981,,,,,,False
unemployment_rate,full_history,2005-01 to 2026-07,min,2.2221963213598066,,,,,,False
unemployment_rate,full_history,2005-01 to 2026-07,max,6.342018792731065,,,,,,False
unemployment_rate,full_history,2005-01 to 2026-07,latest_value,2.8982326357215595,,,,,,False
unemployment_rate,full_history,2005-01 to 2026-07,z_score,-1.1285245219835214,-1.2617419582339344,-1.0111980343189841,0.25909846663927727,,0.41912987250471323,False
unemployment_rate,full_history,2005-01 to 2026-07,percentile_rank,14.092664092664092,10.038610038610038,18.33976833976834,,,,False
unemployment_rate,full_history,2005-01 to 2026-07,change_zscore,0.011098866859425738,-0.10259493173880554,0.14038404774121777,0.9911445673000159,,0.997259464683621,False
unemployment_rate,full_history,2005-01 to 2026-07,volatility_zscore,-0.8852330967047717,-0.9931544237742406,-0.7984651517049426,0.3760309252913052,,0.5589648889465347,False
unemployment_rate,full_history,2005-01 to 2026-07,skewness,0.28457447279532183,0.0895235262159789,0.4784685734827895,,,,False
unemployment_rate,full_history,2005-01 to 2026-07,excess_kurtosis,-0.843615611088544,-1.0988814940623635,-0.5103081186167918,,,,False
unemployment_rate,full_history,2005-01 to 2026-07,jarque_bera_normality,11.26136154271805,,,0.003586133159402707,,0.010029016462736384,True
unemployment_rate,full_history,2005-01 to 2026-07,ac1_trend_tau,0.09116480346195455,,,0.03704396926580216,,0.08608809758954024,False
unemployment_rate,full_history,2005-01 to 2026-07,variance_trend_tau,-0.20367832672196173,,,3.179295915592374e-06,,1.0491676521454834e-05,True
unemployment_rate,full_history,2005-01 to 2026-07,critical_slowing_down_flag,0.0,,,,,,False
unemployment_rate,rolling_10y,2016-07 to 2026-07,mean,3.3355511596864913,3.2157616721830538,3.46011511038351,,,,False
unemployment_rate,rolling_10y,2016-07 to 2026-07,median,3.29998771095477,3.1298697993325346,3.4182225857059687,,,,False
unemployment_rate,rolling_10y,2016-07 to 2026-07,std,0.6748725023461503,,,,,,False
unemployment_rate,rolling_10y,2016-07 to 2026-07,min,2.2221963213598066,,,,,,False
unemployment_rate,rolling_10y,2016-07 to 2026-07,max,5.492159073268,,,,,,False
unemployment_rate,rolling_10y,2016-07 to 2026-07,latest_value,2.8982326357215595,,,,,,False
unemployment_rate,rolling_10y,2016-07 to 2026-07,z_score,-0.6480016928303086,-0.8139530082793277,-0.5068553097590331,0.5169838553859876,,0.7168263541066214,False
unemployment_rate,rolling_10y,2016-07 to 2026-07,percentile_rank,28.51239669421488,20.24793388429752,36.77685950413223,,,,False
unemployment_rate,rolling_10y,2016-07 to 2026-07,change_zscore,0.02532703703903569,-0.13573180017588957,0.23575866882395102,0.9797941084066084,,0.997259464683621,False
unemployment_rate,rolling_10y,2016-07 to 2026-07,volatility_zscore,-0.5337596885297273,-0.6444845693535801,-0.43025453477670267,0.5935078070123856,,0.7650686574769033,False
unemployment_rate,rolling_10y,2016-07 to 2026-07,skewness,0.9363179591112988,0.5093765832232354,1.2717187971120336,,,,False
unemployment_rate,rolling_10y,2016-07 to 2026-07,excess_kurtosis,0.9395856836692698,-0.1639936068674543,2.1172273190112874,,,,False
unemployment_rate,rolling_10y,2016-07 to 2026-07,jarque_bera_normality,20.902803865051084,,,2.890771820670971e-05,,9.352497066876671e-05,True
unemployment_rate,rolling_10y,2016-07 to 2026-07,ac1_trend_tau,0.0738480959394067,,,0.2813354326657319,,0.44634948451774775,False
unemployment_rate,rolling_10y,2016-07 to 2026-07,variance_trend_tau,-0.18451504313065434,,,0.00710726691140078,,0.01922457443247752,True
unemployment_rate,rolling_10y,2016-07 to 2026-07,critical_slowing_down_flag,0.0,,,,,,False
unemployment_rate,since_last_break,2024-10 to 2026-07,mean,2.638613281976814,2.5600102436478327,2.7180011027714777,,,,False
unemployment_rate,since_last_break,2024-10 to 2026-07,median,2.6512258940856213,2.5252630563415943,2.7309424093188364,,,,False
unemployment_rate,since_last_break,2024-10 to 2026-07,std,0.19515239024209155,,,,,,False
unemployment_rate,since_last_break,2024-10 to 2026-07,min,2.2221963213598066,,,,,,False
unemployment_rate,since_last_break,2024-10 to 2026-07,max,2.978907435146665,,,,,,False
unemployment_rate,since_last_break,2024-10 to 2026-07,latest_value,2.8982326357215595,,,,,,False
unemployment_rate,since_last_break,2024-10 to 2026-07,z_score,1.33034165465604,0.9230066943081066,2.017873643066858,0.18340572869282346,,0.33624383593684304,False
unemployment_rate,since_last_break,2024-10 to 2026-07,percentile_rank,84.0909090909091,68.18181818181819,95.45454545454547,,,,False
unemployment_rate,since_last_break,2024-10 to 2026-07,change_zscore,-0.09096545071953868,-0.5629114055357628,0.3570337636135426,0.9275200435357103,,0.9937714752168324,False
unemployment_rate,since_last_break,2024-10 to 2026-07,volatility_zscore,0.7886472404027013,0.3954555041305823,1.3802870628828687,0.43031821220725597,,0.6017161441881121,False
unemployment_rate,since_last_break,2024-10 to 2026-07,skewness,-0.08868800174484599,-0.7989895377554768,0.6622533209023073,,,,False
unemployment_rate,since_last_break,2024-10 to 2026-07,excess_kurtosis,-0.40157591738992027,-1.4218538040909852,1.0191903033283298,,,,False
unemployment_rate,since_last_break,2024-10 to 2026-07,jarque_bera_normality,0.32995316339772635,,,0.8479135605505116,,0.9453090371002325,False
unemployment_rate,since_last_break,2024-10 to 2026-07,early_warning_skipped,,,,,Only 22 observations in this window; need at least ~84 for a stable trend estimate.,,False
